[
    {
        "title": "A Day in the Life",
        "images": {
            "thumb": "img/thumb-1-1.jpg",
            "large": "img/large-1-1.jpg"
        }
    },
    {
        "title": "A Hard Day’s Night",
        "images": {
            "thumb": "img/thumb-1-2.jpg",
            "large": "img/large-1-2.jpg"
        }
    },
    {
        "title": "All I’ve Got to Do",
        "images": {
            "thumb": "img/thumb-1-6.jpg",
            "large": "img/large-1-6.jpg"
        }
    },
    {
        "title": "A Taste of Honey",
        "images": {
            "thumb": "img/thumb-1-3.jpg",
            "large": "img/large-1-3.jpg"
        }
    },
    {
        "title": "Across the Universe",
        "images": {
            "thumb": "img/thumb-1-4.jpg",
            "large": "img/large-1-4.jpg"
        }
    },
    {
        "title": "Act Naturally",
        "images": {
            "thumb": "img/thumb-1-5.jpg",
            "large": "img/large-1-5.jpg"
        }
    },
    {
        "title": "All My Loving",
        "images": {
            "thumb": "img/thumb-1-7.jpg",
            "large": "img/large-1-7.jpg"
        }
    },
    {
        "title": "All Together Now",
        "images": {
            "thumb": "img/thumb-1-8.jpg",
            "large": "img/large-1-8.jpg"
        }
    },
    {
        "title": "All You Need Is Love",
        "images": {
            "thumb": "img/thumb-2-1.jpg",
            "large": "img/large-2-1.jpg"
        }
    },
    {
        "title": "And I Love Her",
        "images": {
            "thumb": "img/thumb-2-3.jpg",
            "large": "img/large-2-3.jpg"
        }
    },
    {
        "title": "And Your Bird Can Sing",
        "images": {
            "thumb": "img/thumb-2-4.jpg",
            "large": "img/large-2-4.jpg"
        }
    },
    {
        "title": "Anna (Go to Him)",
        "images": {
            "thumb": "img/thumb-2-5.jpg",
            "large": "img/large-2-5.jpg"
        }
    },
    {
        "title": "Another Girl",
        "images": {
            "thumb": "img/thumb-2-6.jpg",
            "large": "img/large-2-6.jpg"
        }
    },
    {
        "title": "Any Time at All",
        "images": {
            "thumb": "img/thumb-2-7.jpg",
            "large": "img/large-2-7.jpg"
        }
    },
    {
        "title": "Ask Me Why",
        "images": {
            "thumb": "img/thumb-2-8.jpg",
            "large": "img/large-2-8.jpg"
        }
    },
    {
        "title": "Baby It’s You",
        "images": {
            "thumb": "img/thumb-3-2.jpg",
            "large": "img/large-3-2.jpg"
        }
    },
    {
        "title": "Do You Want to Know a Secret",
        "images": {
            "thumb": "img/thumb-3-3.jpg",
            "large": "img/large-3-3.jpg"
        }
    },
    {
        "title": "Baby, You’re a Rich Man",
        "images": {
            "thumb": "img/thumb-3-4.jpg",
            "large": "img/large-3-4.jpg"
        }
    },
    {
        "title": "Baby’s in Black",
        "images": {
            "thumb": "img/thumb-3-5.jpg",
            "large": "img/large-3-5.jpg"
        }
    },
    {
        "title": "Back in the U.S.S.R.",
        "images": {
            "thumb": "img/thumb-3-6.jpg",
            "large": "img/large-3-6.jpg"
        }
    },
    {
        "title": "Bad Boy",
        "images": {
            "thumb": "img/thumb-3-7.jpg",
            "large": "img/large-3-7.jpg"
        }
    },
    {
        "title": "Because",
        "images": {
            "thumb": "img/thumb-3-8.jpg",
            "large": "img/large-3-8.jpg"
        }
    },
    {
        "title": "Being for the Benefit of Mr. Kite!",
        "images": {
            "thumb": "img/thumb-4-1.jpg",
            "large": "img/large-4-1.jpg"
        }
    },
    {
        "title": "Birthday",
        "images": {
            "thumb": "img/thumb-4-2.jpg",
            "large": "img/large-4-2.jpg"
        }
    },
    {
        "title": "Blackbird",
        "images": {
            "thumb": "img/thumb-4-3.jpg",
            "large": "img/large-4-3.jpg"
        }
    },
    {
        "title": "Blue Jay Way",
        "images": {
            "thumb": "img/thumb-4-4.jpg",
            "large": "img/large-4-4.jpg"
        }
    },
    {
        "title": "Boys",
        "images": {
            "thumb": "img/thumb-4-5.jpg",
            "large": "img/large-4-5.jpg"
        }
    },
    {
        "title": "Can’t Buy Me Love",
        "images": {
            "thumb": "img/thumb-4-6.jpg",
            "large": "img/large-4-6.jpg"
        }
    },
    {
        "title": "Carry That Weight",
        "images": {
            "thumb": "img/thumb-4-7.jpg",
            "large": "img/large-4-7.jpg"
        }
    },
    {
        "title": "Chains",
        "images": {
            "thumb": "img/thumb-4-8.jpg",
            "large": "img/large-4-8.jpg"
        }
    },
    {
        "title": "Come Together",
        "images": {
            "thumb": "img/thumb-5-1.jpg",
            "large": "img/large-5-1.jpg"
        }
    },
    {
        "title": "Cry Baby Cry",
        "images": {
            "thumb": "img/thumb-5-2.jpg",
            "large": "img/large-5-2.jpg"
        }
    },
    {
        "title": "Day Tripper",
        "images": {
            "thumb": "img/thumb-5-3.jpg",
            "large": "img/large-5-3.jpg"
        }
    },
    {
        "title": "Dear Prudence",
        "images": {
            "thumb": "img/thumb-5-4.jpg",
            "large": "img/large-5-4.jpg"
        }
    },
    {
        "title": "Devil in Her Heart",
        "images": {
            "thumb": "img/thumb-5-5.jpg",
            "large": "img/large-5-5.jpg"
        }
    },
    {
        "title": "Dig a Pony",
        "images": {
            "thumb": "img/thumb-5-6.jpg",
            "large": "img/large-5-6.jpg"
        }
    },
    {
        "title": "Dig It",
        "images": {
            "thumb": "img/thumb-5-7.jpg",
            "large": "img/large-5-7.jpg"
        }
    },
    {
        "title": "Dizzy Miss Lizzy",
        "images": {
            "thumb": "img/thumb-5-8.jpg",
            "large": "img/large-5-8.jpg"
        }
    },
    {
        "title": "Doctor Robert",
        "images": {
            "thumb": "img/thumb-3-1.jpg",
            "large": "img/large-3-1.jpg"
        }
    },
    {
        "title": "Don’t Bother Me",
        "images": {
            "thumb": "img/thumb-2-2.jpg",
            "large": "img/large-2-2.jpg"
        }
    }
]
